nisn,password
9900000001,siswa123
9900000002,siswa123
9900000003,siswa123
9900000004,siswa123
9900000005,siswa123
9900000006,siswa123
9900000007,siswa123
9900000008,siswa123
9900000009,siswa123
9900000010,siswa123
9900000011,siswa123
9900000012,siswa123
9900000013,siswa123
9900000014,siswa123
9900000015,siswa123
9900000016,siswa123
9900000017,siswa123
9900000018,siswa123
9900000019,siswa123
9900000020,siswa123
9900000021,siswa123
9900000022,siswa123
9900000023,siswa123
9900000024,siswa123
9900000025,siswa123
9900000026,siswa123
9900000027,siswa123
9900000028,siswa123
9900000029,siswa123
9900000030,siswa123
9900000031,siswa123
9900000032,siswa123
9900000033,siswa123
9900000034,siswa123
9900000035,siswa123
9900000036,siswa123
9900000037,siswa123
9900000038,siswa123
9900000039,siswa123
9900000040,siswa123
9900000041,siswa123
9900000042,siswa123
9900000043,siswa123
9900000044,siswa123
9900000045,siswa123
9900000046,siswa123
9900000047,siswa123
9900000048,siswa123
9900000049,siswa123
9900000050,siswa123
9900000051,siswa123
9900000052,siswa123
9900000053,siswa123
9900000054,siswa123
9900000055,siswa123
9900000056,siswa123
9900000057,siswa123
9900000058,siswa123
9900000059,siswa123
9900000060,siswa123
9900000061,siswa123
9900000062,siswa123
9900000063,siswa123
9900000064,siswa123
9900000065,siswa123
9900000066,siswa123
9900000067,siswa123
9900000068,siswa123
9900000069,siswa123
9900000070,siswa123
9900000071,siswa123
9900000072,siswa123
9900000073,siswa123
9900000074,siswa123
9900000075,siswa123
9900000076,siswa123
9900000077,siswa123
9900000078,siswa123
9900000079,siswa123
9900000080,siswa123
9900000081,siswa123
9900000082,siswa123
9900000083,siswa123
9900000084,siswa123
9900000085,siswa123
9900000086,siswa123
9900000087,siswa123
9900000088,siswa123
9900000089,siswa123
9900000090,siswa123
9900000091,siswa123
9900000092,siswa123
9900000093,siswa123
9900000094,siswa123
9900000095,siswa123
9900000096,siswa123
9900000097,siswa123
9900000098,siswa123
9900000099,siswa123
9900000100,siswa123
9900000101,siswa123
9900000102,siswa123
9900000103,siswa123
9900000104,siswa123
9900000105,siswa123
9900000106,siswa123
9900000107,siswa123
9900000108,siswa123
9900000109,siswa123
9900000110,siswa123
9900000111,siswa123
9900000112,siswa123
9900000113,siswa123
9900000114,siswa123
9900000115,siswa123
9900000116,siswa123
9900000117,siswa123
9900000118,siswa123
9900000119,siswa123
9900000120,siswa123
9900000121,siswa123
9900000122,siswa123
9900000123,siswa123
9900000124,siswa123
9900000125,siswa123
9900000126,siswa123
9900000127,siswa123
9900000128,siswa123
9900000129,siswa123
9900000130,siswa123
9900000131,siswa123
9900000132,siswa123
9900000133,siswa123
9900000134,siswa123
9900000135,siswa123
9900000136,siswa123
9900000137,siswa123
9900000138,siswa123
9900000139,siswa123
9900000140,siswa123
9900000141,siswa123
9900000142,siswa123
9900000143,siswa123
9900000144,siswa123
9900000145,siswa123
9900000146,siswa123
9900000147,siswa123
9900000148,siswa123
9900000149,siswa123
9900000150,siswa123
9900000151,siswa123
9900000152,siswa123
9900000153,siswa123
9900000154,siswa123
9900000155,siswa123
9900000156,siswa123
9900000157,siswa123
9900000158,siswa123
9900000159,siswa123
9900000160,siswa123
9900000161,siswa123
9900000162,siswa123
9900000163,siswa123
9900000164,siswa123
9900000165,siswa123
9900000166,siswa123
9900000167,siswa123
9900000168,siswa123
9900000169,siswa123
9900000170,siswa123
9900000171,siswa123
9900000172,siswa123
9900000173,siswa123
9900000174,siswa123
9900000175,siswa123
9900000176,siswa123
9900000177,siswa123
9900000178,siswa123
9900000179,siswa123
9900000180,siswa123
9900000181,siswa123
9900000182,siswa123
9900000183,siswa123
9900000184,siswa123
9900000185,siswa123
9900000186,siswa123
9900000187,siswa123
9900000188,siswa123
9900000189,siswa123
9900000190,siswa123
9900000191,siswa123
9900000192,siswa123
9900000193,siswa123
9900000194,siswa123
9900000195,siswa123
9900000196,siswa123
9900000197,siswa123
9900000198,siswa123
9900000199,siswa123
9900000200,siswa123
9900000201,siswa123
9900000202,siswa123
9900000203,siswa123
9900000204,siswa123
9900000205,siswa123
9900000206,siswa123
9900000207,siswa123
9900000208,siswa123
9900000209,siswa123
9900000210,siswa123
9900000211,siswa123
9900000212,siswa123
9900000213,siswa123
9900000214,siswa123
9900000215,siswa123
9900000216,siswa123
9900000217,siswa123
9900000218,siswa123
9900000219,siswa123
9900000220,siswa123
9900000221,siswa123
9900000222,siswa123
9900000223,siswa123
9900000224,siswa123
9900000225,siswa123
9900000226,siswa123
9900000227,siswa123
9900000228,siswa123
9900000229,siswa123
9900000230,siswa123
9900000231,siswa123
9900000232,siswa123
9900000233,siswa123
9900000234,siswa123
9900000235,siswa123
9900000236,siswa123
9900000237,siswa123
9900000238,siswa123
9900000239,siswa123
9900000240,siswa123
9900000241,siswa123
9900000242,siswa123
9900000243,siswa123
9900000244,siswa123
9900000245,siswa123
9900000246,siswa123
9900000247,siswa123
9900000248,siswa123
9900000249,siswa123
9900000250,siswa123
9900000251,siswa123
9900000252,siswa123
9900000253,siswa123
9900000254,siswa123
9900000255,siswa123
9900000256,siswa123
9900000257,siswa123
9900000258,siswa123
9900000259,siswa123
9900000260,siswa123
9900000261,siswa123
9900000262,siswa123
9900000263,siswa123
9900000264,siswa123
9900000265,siswa123
9900000266,siswa123
9900000267,siswa123
9900000268,siswa123
9900000269,siswa123
9900000270,siswa123
9900000271,siswa123
9900000272,siswa123
9900000273,siswa123
9900000274,siswa123
9900000275,siswa123
9900000276,siswa123
9900000277,siswa123
9900000278,siswa123
9900000279,siswa123
9900000280,siswa123
9900000281,siswa123
9900000282,siswa123
9900000283,siswa123
9900000284,siswa123
9900000285,siswa123
9900000286,siswa123
9900000287,siswa123
9900000288,siswa123
9900000289,siswa123
9900000290,siswa123
9900000291,siswa123
9900000292,siswa123
9900000293,siswa123
9900000294,siswa123
9900000295,siswa123
9900000296,siswa123
9900000297,siswa123
9900000298,siswa123
9900000299,siswa123
9900000300,siswa123
9900000301,siswa123
9900000302,siswa123
9900000303,siswa123
9900000304,siswa123
9900000305,siswa123
9900000306,siswa123
9900000307,siswa123
9900000308,siswa123
9900000309,siswa123
9900000310,siswa123
9900000311,siswa123
9900000312,siswa123
9900000313,siswa123
9900000314,siswa123
9900000315,siswa123
9900000316,siswa123
9900000317,siswa123
9900000318,siswa123
9900000319,siswa123
9900000320,siswa123
9900000321,siswa123
9900000322,siswa123
9900000323,siswa123
9900000324,siswa123
9900000325,siswa123
9900000326,siswa123
9900000327,siswa123
9900000328,siswa123
9900000329,siswa123
9900000330,siswa123
9900000331,siswa123
9900000332,siswa123
9900000333,siswa123
9900000334,siswa123
9900000335,siswa123
9900000336,siswa123
9900000337,siswa123
9900000338,siswa123
9900000339,siswa123
9900000340,siswa123
9900000341,siswa123
9900000342,siswa123
9900000343,siswa123
9900000344,siswa123
9900000345,siswa123
9900000346,siswa123
9900000347,siswa123
9900000348,siswa123
9900000349,siswa123
9900000350,siswa123
9900000351,siswa123
9900000352,siswa123
9900000353,siswa123
9900000354,siswa123
9900000355,siswa123
9900000356,siswa123
9900000357,siswa123
9900000358,siswa123
9900000359,siswa123
9900000360,siswa123
9900000361,siswa123
9900000362,siswa123
9900000363,siswa123
9900000364,siswa123
9900000365,siswa123
9900000366,siswa123
9900000367,siswa123
9900000368,siswa123
9900000369,siswa123
9900000370,siswa123
9900000371,siswa123
9900000372,siswa123
9900000373,siswa123
9900000374,siswa123
9900000375,siswa123
9900000376,siswa123
9900000377,siswa123
9900000378,siswa123
9900000379,siswa123
9900000380,siswa123
9900000381,siswa123
9900000382,siswa123
9900000383,siswa123
9900000384,siswa123
9900000385,siswa123
9900000386,siswa123
9900000387,siswa123
9900000388,siswa123
9900000389,siswa123
9900000390,siswa123
9900000391,siswa123
9900000392,siswa123
9900000393,siswa123
9900000394,siswa123
9900000395,siswa123
9900000396,siswa123
9900000397,siswa123
9900000398,siswa123
9900000399,siswa123
9900000400,siswa123
9900000401,siswa123
9900000402,siswa123
9900000403,siswa123
9900000404,siswa123
9900000405,siswa123
9900000406,siswa123
9900000407,siswa123
9900000408,siswa123
9900000409,siswa123
9900000410,siswa123
9900000411,siswa123
9900000412,siswa123
9900000413,siswa123
9900000414,siswa123
9900000415,siswa123
9900000416,siswa123
9900000417,siswa123
9900000418,siswa123
9900000419,siswa123
9900000420,siswa123
9900000421,siswa123
9900000422,siswa123
9900000423,siswa123
9900000424,siswa123
9900000425,siswa123
9900000426,siswa123
9900000427,siswa123
9900000428,siswa123
9900000429,siswa123
9900000430,siswa123
9900000431,siswa123
9900000432,siswa123
9900000433,siswa123
9900000434,siswa123
9900000435,siswa123
9900000436,siswa123
9900000437,siswa123
9900000438,siswa123
9900000439,siswa123
9900000440,siswa123
9900000441,siswa123
9900000442,siswa123
9900000443,siswa123
9900000444,siswa123
9900000445,siswa123
9900000446,siswa123
9900000447,siswa123
9900000448,siswa123
9900000449,siswa123
9900000450,siswa123
9900000451,siswa123
9900000452,siswa123
9900000453,siswa123
9900000454,siswa123
9900000455,siswa123
9900000456,siswa123
9900000457,siswa123
9900000458,siswa123
9900000459,siswa123
9900000460,siswa123
9900000461,siswa123
9900000462,siswa123
9900000463,siswa123
9900000464,siswa123
9900000465,siswa123
9900000466,siswa123
9900000467,siswa123
9900000468,siswa123
9900000469,siswa123
9900000470,siswa123
9900000471,siswa123
9900000472,siswa123
9900000473,siswa123
9900000474,siswa123
9900000475,siswa123
9900000476,siswa123
9900000477,siswa123
9900000478,siswa123
9900000479,siswa123
9900000480,siswa123
9900000481,siswa123
9900000482,siswa123
9900000483,siswa123
9900000484,siswa123
9900000485,siswa123
9900000486,siswa123
9900000487,siswa123
9900000488,siswa123
9900000489,siswa123
9900000490,siswa123
9900000491,siswa123
9900000492,siswa123
9900000493,siswa123
9900000494,siswa123
9900000495,siswa123
9900000496,siswa123
9900000497,siswa123
9900000498,siswa123
9900000499,siswa123
9900000500,siswa123
9900000501,siswa123
9900000502,siswa123
9900000503,siswa123
9900000504,siswa123
9900000505,siswa123
9900000506,siswa123
9900000507,siswa123
9900000508,siswa123
9900000509,siswa123
9900000510,siswa123
9900000511,siswa123
9900000512,siswa123
9900000513,siswa123
9900000514,siswa123
9900000515,siswa123
9900000516,siswa123
9900000517,siswa123
9900000518,siswa123
9900000519,siswa123
9900000520,siswa123
9900000521,siswa123
9900000522,siswa123
9900000523,siswa123
9900000524,siswa123
9900000525,siswa123
9900000526,siswa123
9900000527,siswa123
9900000528,siswa123
9900000529,siswa123
9900000530,siswa123
9900000531,siswa123
9900000532,siswa123
9900000533,siswa123
9900000534,siswa123
9900000535,siswa123
9900000536,siswa123
9900000537,siswa123
9900000538,siswa123
9900000539,siswa123
9900000540,siswa123
9900000541,siswa123
9900000542,siswa123
9900000543,siswa123
9900000544,siswa123
9900000545,siswa123
9900000546,siswa123
9900000547,siswa123
9900000548,siswa123
9900000549,siswa123
9900000550,siswa123
9900000551,siswa123
9900000552,siswa123
9900000553,siswa123
9900000554,siswa123
9900000555,siswa123
9900000556,siswa123
9900000557,siswa123
9900000558,siswa123
9900000559,siswa123
9900000560,siswa123
9900000561,siswa123
9900000562,siswa123
9900000563,siswa123
9900000564,siswa123
9900000565,siswa123
9900000566,siswa123
9900000567,siswa123
9900000568,siswa123
9900000569,siswa123
9900000570,siswa123
9900000571,siswa123
9900000572,siswa123
9900000573,siswa123
9900000574,siswa123
9900000575,siswa123
9900000576,siswa123
9900000577,siswa123
9900000578,siswa123
9900000579,siswa123
9900000580,siswa123
9900000581,siswa123
9900000582,siswa123
9900000583,siswa123
9900000584,siswa123
9900000585,siswa123
9900000586,siswa123
9900000587,siswa123
9900000588,siswa123
9900000589,siswa123
9900000590,siswa123
9900000591,siswa123
9900000592,siswa123
9900000593,siswa123
9900000594,siswa123
9900000595,siswa123
9900000596,siswa123
9900000597,siswa123
9900000598,siswa123
9900000599,siswa123
9900000600,siswa123
9900000601,siswa123
9900000602,siswa123
9900000603,siswa123
9900000604,siswa123
9900000605,siswa123
9900000606,siswa123
9900000607,siswa123
9900000608,siswa123
9900000609,siswa123
9900000610,siswa123
9900000611,siswa123
9900000612,siswa123
9900000613,siswa123
9900000614,siswa123
9900000615,siswa123
9900000616,siswa123
9900000617,siswa123
9900000618,siswa123
9900000619,siswa123
9900000620,siswa123
9900000621,siswa123
9900000622,siswa123
9900000623,siswa123
9900000624,siswa123
9900000625,siswa123
9900000626,siswa123
9900000627,siswa123
9900000628,siswa123
9900000629,siswa123
9900000630,siswa123
9900000631,siswa123
9900000632,siswa123
9900000633,siswa123
9900000634,siswa123
9900000635,siswa123
9900000636,siswa123
9900000637,siswa123
9900000638,siswa123
9900000639,siswa123
9900000640,siswa123
9900000641,siswa123
9900000642,siswa123
9900000643,siswa123
9900000644,siswa123
9900000645,siswa123
9900000646,siswa123
9900000647,siswa123
9900000648,siswa123
9900000649,siswa123
9900000650,siswa123
9900000651,siswa123
9900000652,siswa123
9900000653,siswa123
9900000654,siswa123
9900000655,siswa123
9900000656,siswa123
9900000657,siswa123
9900000658,siswa123
9900000659,siswa123
9900000660,siswa123
9900000661,siswa123
9900000662,siswa123
9900000663,siswa123
9900000664,siswa123
9900000665,siswa123
9900000666,siswa123
9900000667,siswa123
9900000668,siswa123
9900000669,siswa123
9900000670,siswa123
9900000671,siswa123
9900000672,siswa123
9900000673,siswa123
9900000674,siswa123
9900000675,siswa123
9900000676,siswa123
9900000677,siswa123
9900000678,siswa123
9900000679,siswa123
9900000680,siswa123
9900000681,siswa123
9900000682,siswa123
9900000683,siswa123
9900000684,siswa123
9900000685,siswa123
9900000686,siswa123
9900000687,siswa123
9900000688,siswa123
9900000689,siswa123
9900000690,siswa123
9900000691,siswa123
9900000692,siswa123
9900000693,siswa123
9900000694,siswa123
9900000695,siswa123
9900000696,siswa123
9900000697,siswa123
9900000698,siswa123
9900000699,siswa123
9900000700,siswa123
9900000701,siswa123
9900000702,siswa123
9900000703,siswa123
9900000704,siswa123
9900000705,siswa123
9900000706,siswa123
9900000707,siswa123
9900000708,siswa123
9900000709,siswa123
9900000710,siswa123
9900000711,siswa123
9900000712,siswa123
9900000713,siswa123
9900000714,siswa123
9900000715,siswa123
9900000716,siswa123
9900000717,siswa123
9900000718,siswa123
9900000719,siswa123
9900000720,siswa123
9900000721,siswa123
9900000722,siswa123
9900000723,siswa123
9900000724,siswa123
9900000725,siswa123
9900000726,siswa123
9900000727,siswa123
9900000728,siswa123
9900000729,siswa123
9900000730,siswa123
9900000731,siswa123
9900000732,siswa123
9900000733,siswa123
9900000734,siswa123
9900000735,siswa123
9900000736,siswa123
9900000737,siswa123
9900000738,siswa123
9900000739,siswa123
9900000740,siswa123
9900000741,siswa123
9900000742,siswa123
9900000743,siswa123
9900000744,siswa123
9900000745,siswa123
9900000746,siswa123
9900000747,siswa123
9900000748,siswa123
9900000749,siswa123
9900000750,siswa123
9900000751,siswa123
9900000752,siswa123
9900000753,siswa123
9900000754,siswa123
9900000755,siswa123
9900000756,siswa123
9900000757,siswa123
9900000758,siswa123
9900000759,siswa123
9900000760,siswa123
9900000761,siswa123
9900000762,siswa123
9900000763,siswa123
9900000764,siswa123
9900000765,siswa123
9900000766,siswa123
9900000767,siswa123
9900000768,siswa123
9900000769,siswa123
9900000770,siswa123
9900000771,siswa123
9900000772,siswa123
9900000773,siswa123
9900000774,siswa123
9900000775,siswa123
9900000776,siswa123
9900000777,siswa123
9900000778,siswa123
9900000779,siswa123
9900000780,siswa123
9900000781,siswa123
9900000782,siswa123
9900000783,siswa123
9900000784,siswa123
9900000785,siswa123
9900000786,siswa123
9900000787,siswa123
9900000788,siswa123
9900000789,siswa123
9900000790,siswa123
9900000791,siswa123
9900000792,siswa123
9900000793,siswa123
9900000794,siswa123
9900000795,siswa123
9900000796,siswa123
9900000797,siswa123
9900000798,siswa123
9900000799,siswa123
9900000800,siswa123
9900000801,siswa123
9900000802,siswa123
9900000803,siswa123
9900000804,siswa123
9900000805,siswa123
9900000806,siswa123
9900000807,siswa123
9900000808,siswa123
9900000809,siswa123
9900000810,siswa123
9900000811,siswa123
9900000812,siswa123
9900000813,siswa123
9900000814,siswa123
9900000815,siswa123
9900000816,siswa123
9900000817,siswa123
9900000818,siswa123
9900000819,siswa123
9900000820,siswa123
9900000821,siswa123
9900000822,siswa123
9900000823,siswa123
9900000824,siswa123
9900000825,siswa123
9900000826,siswa123
9900000827,siswa123
9900000828,siswa123
9900000829,siswa123
9900000830,siswa123
9900000831,siswa123
9900000832,siswa123
9900000833,siswa123
9900000834,siswa123
9900000835,siswa123
9900000836,siswa123
9900000837,siswa123
9900000838,siswa123
9900000839,siswa123
9900000840,siswa123
9900000841,siswa123
9900000842,siswa123
9900000843,siswa123
9900000844,siswa123
9900000845,siswa123
9900000846,siswa123
9900000847,siswa123
9900000848,siswa123
9900000849,siswa123
9900000850,siswa123
9900000851,siswa123
9900000852,siswa123
9900000853,siswa123
9900000854,siswa123
9900000855,siswa123
9900000856,siswa123
9900000857,siswa123
9900000858,siswa123
9900000859,siswa123
9900000860,siswa123
9900000861,siswa123
9900000862,siswa123
9900000863,siswa123
9900000864,siswa123
9900000865,siswa123
9900000866,siswa123
9900000867,siswa123
9900000868,siswa123
9900000869,siswa123
9900000870,siswa123
9900000871,siswa123
9900000872,siswa123
9900000873,siswa123
9900000874,siswa123
9900000875,siswa123
9900000876,siswa123
9900000877,siswa123
9900000878,siswa123
9900000879,siswa123
9900000880,siswa123
9900000881,siswa123
9900000882,siswa123
9900000883,siswa123
9900000884,siswa123
9900000885,siswa123
9900000886,siswa123
9900000887,siswa123
9900000888,siswa123
9900000889,siswa123
9900000890,siswa123
9900000891,siswa123
9900000892,siswa123
9900000893,siswa123
9900000894,siswa123
9900000895,siswa123
9900000896,siswa123
9900000897,siswa123
9900000898,siswa123
9900000899,siswa123
9900000900,siswa123
9900000901,siswa123
9900000902,siswa123
9900000903,siswa123
9900000904,siswa123
9900000905,siswa123
9900000906,siswa123
9900000907,siswa123
9900000908,siswa123
9900000909,siswa123
9900000910,siswa123
9900000911,siswa123
9900000912,siswa123
9900000913,siswa123
9900000914,siswa123
9900000915,siswa123
9900000916,siswa123
9900000917,siswa123
9900000918,siswa123
9900000919,siswa123
9900000920,siswa123
9900000921,siswa123
9900000922,siswa123
9900000923,siswa123
9900000924,siswa123
9900000925,siswa123
9900000926,siswa123
9900000927,siswa123
9900000928,siswa123
9900000929,siswa123
9900000930,siswa123
9900000931,siswa123
9900000932,siswa123
9900000933,siswa123
9900000934,siswa123
9900000935,siswa123
9900000936,siswa123
9900000937,siswa123
9900000938,siswa123
9900000939,siswa123
9900000940,siswa123
9900000941,siswa123
9900000942,siswa123
9900000943,siswa123
9900000944,siswa123
9900000945,siswa123
9900000946,siswa123
9900000947,siswa123
9900000948,siswa123
9900000949,siswa123
9900000950,siswa123
9900000951,siswa123
9900000952,siswa123
9900000953,siswa123
9900000954,siswa123
9900000955,siswa123
9900000956,siswa123
9900000957,siswa123
9900000958,siswa123
9900000959,siswa123
9900000960,siswa123
9900000961,siswa123
9900000962,siswa123
9900000963,siswa123
9900000964,siswa123
9900000965,siswa123
9900000966,siswa123
9900000967,siswa123
9900000968,siswa123
9900000969,siswa123
9900000970,siswa123
9900000971,siswa123
9900000972,siswa123
9900000973,siswa123
9900000974,siswa123
9900000975,siswa123
9900000976,siswa123
9900000977,siswa123
9900000978,siswa123
9900000979,siswa123
9900000980,siswa123
9900000981,siswa123
9900000982,siswa123
9900000983,siswa123
9900000984,siswa123
9900000985,siswa123
9900000986,siswa123
9900000987,siswa123
9900000988,siswa123
9900000989,siswa123
9900000990,siswa123
9900000991,siswa123
9900000992,siswa123
9900000993,siswa123
9900000994,siswa123
9900000995,siswa123
9900000996,siswa123
9900000997,siswa123
9900000998,siswa123
9900000999,siswa123
9900001000,siswa123
9900001001,siswa123
9900001002,siswa123
9900001003,siswa123
9900001004,siswa123
9900001005,siswa123
9900001006,siswa123
9900001007,siswa123
9900001008,siswa123
9900001009,siswa123
9900001010,siswa123
9900001011,siswa123
9900001012,siswa123
9900001013,siswa123
9900001014,siswa123
9900001015,siswa123
9900001016,siswa123
9900001017,siswa123
9900001018,siswa123
9900001019,siswa123
9900001020,siswa123
9900001021,siswa123
9900001022,siswa123
9900001023,siswa123
9900001024,siswa123
9900001025,siswa123
9900001026,siswa123
9900001027,siswa123
9900001028,siswa123
9900001029,siswa123
9900001030,siswa123
9900001031,siswa123
9900001032,siswa123
9900001033,siswa123
9900001034,siswa123
9900001035,siswa123
9900001036,siswa123
9900001037,siswa123
9900001038,siswa123
9900001039,siswa123
9900001040,siswa123
9900001041,siswa123
9900001042,siswa123
9900001043,siswa123
9900001044,siswa123
9900001045,siswa123
9900001046,siswa123
9900001047,siswa123
9900001048,siswa123
9900001049,siswa123
9900001050,siswa123
9900001051,siswa123
9900001052,siswa123
9900001053,siswa123
9900001054,siswa123
9900001055,siswa123
9900001056,siswa123
9900001057,siswa123
9900001058,siswa123
9900001059,siswa123
9900001060,siswa123
9900001061,siswa123
9900001062,siswa123
9900001063,siswa123
9900001064,siswa123
9900001065,siswa123
9900001066,siswa123
9900001067,siswa123
9900001068,siswa123
9900001069,siswa123
9900001070,siswa123
9900001071,siswa123
9900001072,siswa123
9900001073,siswa123
9900001074,siswa123
9900001075,siswa123
9900001076,siswa123
9900001077,siswa123
9900001078,siswa123
9900001079,siswa123
9900001080,siswa123
9900001081,siswa123
9900001082,siswa123
9900001083,siswa123
9900001084,siswa123
9900001085,siswa123
9900001086,siswa123
9900001087,siswa123
9900001088,siswa123
9900001089,siswa123
9900001090,siswa123
9900001091,siswa123
9900001092,siswa123
9900001093,siswa123
9900001094,siswa123
9900001095,siswa123
9900001096,siswa123
9900001097,siswa123
9900001098,siswa123
9900001099,siswa123
9900001100,siswa123
9900001101,siswa123
9900001102,siswa123
9900001103,siswa123
9900001104,siswa123
9900001105,siswa123
9900001106,siswa123
9900001107,siswa123
9900001108,siswa123
9900001109,siswa123
9900001110,siswa123
9900001111,siswa123
9900001112,siswa123
9900001113,siswa123
9900001114,siswa123
9900001115,siswa123
9900001116,siswa123
9900001117,siswa123
9900001118,siswa123
9900001119,siswa123
9900001120,siswa123
9900001121,siswa123
9900001122,siswa123
9900001123,siswa123
9900001124,siswa123
9900001125,siswa123
9900001126,siswa123
9900001127,siswa123
9900001128,siswa123
9900001129,siswa123
9900001130,siswa123
9900001131,siswa123
9900001132,siswa123
9900001133,siswa123
9900001134,siswa123
9900001135,siswa123
9900001136,siswa123
9900001137,siswa123
9900001138,siswa123
9900001139,siswa123
9900001140,siswa123
9900001141,siswa123
9900001142,siswa123
9900001143,siswa123
9900001144,siswa123
9900001145,siswa123
9900001146,siswa123
9900001147,siswa123
9900001148,siswa123
9900001149,siswa123
9900001150,siswa123
9900001151,siswa123
9900001152,siswa123
9900001153,siswa123
9900001154,siswa123
9900001155,siswa123
9900001156,siswa123
9900001157,siswa123
9900001158,siswa123
9900001159,siswa123
9900001160,siswa123
9900001161,siswa123
9900001162,siswa123
9900001163,siswa123
9900001164,siswa123
9900001165,siswa123
9900001166,siswa123
9900001167,siswa123
9900001168,siswa123
9900001169,siswa123
9900001170,siswa123
9900001171,siswa123
9900001172,siswa123
9900001173,siswa123
9900001174,siswa123
9900001175,siswa123
9900001176,siswa123
9900001177,siswa123
9900001178,siswa123
9900001179,siswa123
9900001180,siswa123
9900001181,siswa123
9900001182,siswa123
9900001183,siswa123
9900001184,siswa123
9900001185,siswa123
9900001186,siswa123
9900001187,siswa123
9900001188,siswa123
9900001189,siswa123
9900001190,siswa123
9900001191,siswa123
9900001192,siswa123
9900001193,siswa123
9900001194,siswa123
9900001195,siswa123
9900001196,siswa123
9900001197,siswa123
9900001198,siswa123
9900001199,siswa123
9900001200,siswa123
9900001201,siswa123
9900001202,siswa123
9900001203,siswa123
9900001204,siswa123
9900001205,siswa123
9900001206,siswa123
9900001207,siswa123
9900001208,siswa123
9900001209,siswa123
9900001210,siswa123
9900001211,siswa123
9900001212,siswa123
9900001213,siswa123
9900001214,siswa123
9900001215,siswa123
9900001216,siswa123
9900001217,siswa123
9900001218,siswa123
9900001219,siswa123
9900001220,siswa123
9900001221,siswa123
9900001222,siswa123
9900001223,siswa123
9900001224,siswa123
9900001225,siswa123
9900001226,siswa123
9900001227,siswa123
9900001228,siswa123
9900001229,siswa123
9900001230,siswa123
9900001231,siswa123
9900001232,siswa123
9900001233,siswa123
9900001234,siswa123
9900001235,siswa123
9900001236,siswa123
9900001237,siswa123
9900001238,siswa123
9900001239,siswa123
9900001240,siswa123
9900001241,siswa123
9900001242,siswa123
9900001243,siswa123
9900001244,siswa123
9900001245,siswa123
9900001246,siswa123
9900001247,siswa123
9900001248,siswa123
9900001249,siswa123
9900001250,siswa123
9900001251,siswa123
9900001252,siswa123
9900001253,siswa123
9900001254,siswa123
9900001255,siswa123
9900001256,siswa123
9900001257,siswa123
9900001258,siswa123
9900001259,siswa123
9900001260,siswa123
9900001261,siswa123
9900001262,siswa123
9900001263,siswa123
9900001264,siswa123
9900001265,siswa123
9900001266,siswa123
9900001267,siswa123
9900001268,siswa123
9900001269,siswa123
9900001270,siswa123
9900001271,siswa123
9900001272,siswa123
9900001273,siswa123
9900001274,siswa123
9900001275,siswa123
9900001276,siswa123
9900001277,siswa123
9900001278,siswa123
9900001279,siswa123
9900001280,siswa123
9900001281,siswa123
9900001282,siswa123
9900001283,siswa123
9900001284,siswa123
9900001285,siswa123
9900001286,siswa123
9900001287,siswa123
9900001288,siswa123
9900001289,siswa123
9900001290,siswa123
9900001291,siswa123
9900001292,siswa123
9900001293,siswa123
9900001294,siswa123
9900001295,siswa123
9900001296,siswa123
9900001297,siswa123
9900001298,siswa123
9900001299,siswa123
9900001300,siswa123
9900001301,siswa123
9900001302,siswa123
9900001303,siswa123
9900001304,siswa123
9900001305,siswa123
9900001306,siswa123
9900001307,siswa123
9900001308,siswa123
9900001309,siswa123
9900001310,siswa123
9900001311,siswa123
9900001312,siswa123
9900001313,siswa123
9900001314,siswa123
9900001315,siswa123
9900001316,siswa123
9900001317,siswa123
9900001318,siswa123
9900001319,siswa123
9900001320,siswa123
9900001321,siswa123
9900001322,siswa123
9900001323,siswa123
9900001324,siswa123
9900001325,siswa123
9900001326,siswa123
9900001327,siswa123
9900001328,siswa123
9900001329,siswa123
9900001330,siswa123
9900001331,siswa123
9900001332,siswa123
9900001333,siswa123
9900001334,siswa123
9900001335,siswa123
9900001336,siswa123
9900001337,siswa123
9900001338,siswa123
9900001339,siswa123
9900001340,siswa123
9900001341,siswa123
9900001342,siswa123
9900001343,siswa123
9900001344,siswa123
9900001345,siswa123
9900001346,siswa123
9900001347,siswa123
9900001348,siswa123
9900001349,siswa123
9900001350,siswa123
9900001351,siswa123
9900001352,siswa123
9900001353,siswa123
9900001354,siswa123
9900001355,siswa123
9900001356,siswa123
9900001357,siswa123
9900001358,siswa123
9900001359,siswa123
9900001360,siswa123
9900001361,siswa123
9900001362,siswa123
9900001363,siswa123
9900001364,siswa123
9900001365,siswa123
9900001366,siswa123
9900001367,siswa123
9900001368,siswa123
9900001369,siswa123
9900001370,siswa123
9900001371,siswa123
9900001372,siswa123
9900001373,siswa123
9900001374,siswa123
9900001375,siswa123
9900001376,siswa123
9900001377,siswa123
9900001378,siswa123
9900001379,siswa123
9900001380,siswa123
9900001381,siswa123
9900001382,siswa123
9900001383,siswa123
9900001384,siswa123
9900001385,siswa123
9900001386,siswa123
9900001387,siswa123
9900001388,siswa123
9900001389,siswa123
9900001390,siswa123
9900001391,siswa123
9900001392,siswa123
9900001393,siswa123
9900001394,siswa123
9900001395,siswa123
9900001396,siswa123
9900001397,siswa123
9900001398,siswa123
9900001399,siswa123
9900001400,siswa123
9900001401,siswa123
9900001402,siswa123
9900001403,siswa123
9900001404,siswa123
9900001405,siswa123
9900001406,siswa123
9900001407,siswa123
9900001408,siswa123
9900001409,siswa123
9900001410,siswa123
9900001411,siswa123
9900001412,siswa123
9900001413,siswa123
9900001414,siswa123
9900001415,siswa123
9900001416,siswa123
9900001417,siswa123
9900001418,siswa123
9900001419,siswa123
9900001420,siswa123
9900001421,siswa123
9900001422,siswa123
9900001423,siswa123
9900001424,siswa123
9900001425,siswa123
9900001426,siswa123
9900001427,siswa123
9900001428,siswa123
9900001429,siswa123
9900001430,siswa123
9900001431,siswa123
9900001432,siswa123
9900001433,siswa123
9900001434,siswa123
9900001435,siswa123
9900001436,siswa123
9900001437,siswa123
9900001438,siswa123
9900001439,siswa123
9900001440,siswa123
9900001441,siswa123
9900001442,siswa123
9900001443,siswa123
9900001444,siswa123
9900001445,siswa123
9900001446,siswa123
9900001447,siswa123
9900001448,siswa123
9900001449,siswa123
9900001450,siswa123
9900001451,siswa123
9900001452,siswa123
9900001453,siswa123
9900001454,siswa123
9900001455,siswa123
9900001456,siswa123
9900001457,siswa123
9900001458,siswa123
9900001459,siswa123
9900001460,siswa123
9900001461,siswa123
9900001462,siswa123
9900001463,siswa123
9900001464,siswa123
9900001465,siswa123
9900001466,siswa123
9900001467,siswa123
9900001468,siswa123
9900001469,siswa123
9900001470,siswa123
9900001471,siswa123
9900001472,siswa123
9900001473,siswa123
9900001474,siswa123
9900001475,siswa123
9900001476,siswa123
9900001477,siswa123
9900001478,siswa123
9900001479,siswa123
9900001480,siswa123
9900001481,siswa123
9900001482,siswa123
9900001483,siswa123
9900001484,siswa123
9900001485,siswa123
9900001486,siswa123
9900001487,siswa123
9900001488,siswa123
9900001489,siswa123
9900001490,siswa123
9900001491,siswa123
9900001492,siswa123
9900001493,siswa123
9900001494,siswa123
9900001495,siswa123
9900001496,siswa123
9900001497,siswa123
9900001498,siswa123
9900001499,siswa123
9900001500,siswa123
9900001501,siswa123
9900001502,siswa123
9900001503,siswa123
9900001504,siswa123
9900001505,siswa123
9900001506,siswa123
9900001507,siswa123
9900001508,siswa123
9900001509,siswa123
9900001510,siswa123
9900001511,siswa123
9900001512,siswa123
9900001513,siswa123
9900001514,siswa123
9900001515,siswa123
9900001516,siswa123
9900001517,siswa123
9900001518,siswa123
9900001519,siswa123
9900001520,siswa123
9900001521,siswa123
9900001522,siswa123
9900001523,siswa123
9900001524,siswa123
9900001525,siswa123
9900001526,siswa123
9900001527,siswa123
9900001528,siswa123
9900001529,siswa123
9900001530,siswa123
9900001531,siswa123
9900001532,siswa123
9900001533,siswa123
9900001534,siswa123
9900001535,siswa123
9900001536,siswa123
9900001537,siswa123
9900001538,siswa123
9900001539,siswa123
9900001540,siswa123
9900001541,siswa123
9900001542,siswa123
9900001543,siswa123
9900001544,siswa123
9900001545,siswa123
9900001546,siswa123
9900001547,siswa123
9900001548,siswa123
9900001549,siswa123
9900001550,siswa123
9900001551,siswa123
9900001552,siswa123
9900001553,siswa123
9900001554,siswa123
9900001555,siswa123
9900001556,siswa123
9900001557,siswa123
9900001558,siswa123
9900001559,siswa123
9900001560,siswa123
9900001561,siswa123
9900001562,siswa123
9900001563,siswa123
9900001564,siswa123
9900001565,siswa123
9900001566,siswa123
9900001567,siswa123
9900001568,siswa123
9900001569,siswa123
9900001570,siswa123
9900001571,siswa123
9900001572,siswa123
9900001573,siswa123
9900001574,siswa123
9900001575,siswa123
9900001576,siswa123
9900001577,siswa123
9900001578,siswa123
9900001579,siswa123
9900001580,siswa123
9900001581,siswa123
9900001582,siswa123
9900001583,siswa123
9900001584,siswa123
9900001585,siswa123
9900001586,siswa123
9900001587,siswa123
9900001588,siswa123
9900001589,siswa123
9900001590,siswa123
9900001591,siswa123
9900001592,siswa123
9900001593,siswa123
9900001594,siswa123
9900001595,siswa123
9900001596,siswa123
9900001597,siswa123
9900001598,siswa123
9900001599,siswa123
9900001600,siswa123
9900001601,siswa123
9900001602,siswa123
9900001603,siswa123
9900001604,siswa123
9900001605,siswa123
9900001606,siswa123
9900001607,siswa123
9900001608,siswa123
9900001609,siswa123
9900001610,siswa123
9900001611,siswa123
9900001612,siswa123
9900001613,siswa123
9900001614,siswa123
9900001615,siswa123
9900001616,siswa123
9900001617,siswa123
9900001618,siswa123
9900001619,siswa123
9900001620,siswa123
9900001621,siswa123
9900001622,siswa123
9900001623,siswa123
9900001624,siswa123
9900001625,siswa123
9900001626,siswa123
9900001627,siswa123
9900001628,siswa123
9900001629,siswa123
9900001630,siswa123
9900001631,siswa123
9900001632,siswa123
9900001633,siswa123
9900001634,siswa123
9900001635,siswa123
9900001636,siswa123
9900001637,siswa123
9900001638,siswa123
9900001639,siswa123
9900001640,siswa123
9900001641,siswa123
9900001642,siswa123
9900001643,siswa123
9900001644,siswa123
9900001645,siswa123
9900001646,siswa123
9900001647,siswa123
9900001648,siswa123
9900001649,siswa123
9900001650,siswa123
9900001651,siswa123
9900001652,siswa123
9900001653,siswa123
9900001654,siswa123
9900001655,siswa123
9900001656,siswa123
9900001657,siswa123
9900001658,siswa123
9900001659,siswa123
9900001660,siswa123
9900001661,siswa123
9900001662,siswa123
9900001663,siswa123
9900001664,siswa123
9900001665,siswa123
9900001666,siswa123
9900001667,siswa123
9900001668,siswa123
9900001669,siswa123
9900001670,siswa123
9900001671,siswa123
9900001672,siswa123
9900001673,siswa123
9900001674,siswa123
9900001675,siswa123
9900001676,siswa123
9900001677,siswa123
9900001678,siswa123
9900001679,siswa123
9900001680,siswa123
9900001681,siswa123
9900001682,siswa123
9900001683,siswa123
9900001684,siswa123
9900001685,siswa123
9900001686,siswa123
9900001687,siswa123
9900001688,siswa123
9900001689,siswa123
9900001690,siswa123
9900001691,siswa123
9900001692,siswa123
9900001693,siswa123
9900001694,siswa123
9900001695,siswa123
9900001696,siswa123
9900001697,siswa123
9900001698,siswa123
9900001699,siswa123
9900001700,siswa123
9900001701,siswa123
9900001702,siswa123
9900001703,siswa123
9900001704,siswa123
9900001705,siswa123
9900001706,siswa123
9900001707,siswa123
9900001708,siswa123
9900001709,siswa123
9900001710,siswa123
9900001711,siswa123
9900001712,siswa123
9900001713,siswa123
9900001714,siswa123
9900001715,siswa123
9900001716,siswa123
9900001717,siswa123
9900001718,siswa123
9900001719,siswa123
9900001720,siswa123
9900001721,siswa123
9900001722,siswa123
9900001723,siswa123
9900001724,siswa123
9900001725,siswa123
9900001726,siswa123
9900001727,siswa123
9900001728,siswa123
9900001729,siswa123
9900001730,siswa123
9900001731,siswa123
9900001732,siswa123
9900001733,siswa123
9900001734,siswa123
9900001735,siswa123
9900001736,siswa123
9900001737,siswa123
9900001738,siswa123
9900001739,siswa123
9900001740,siswa123
9900001741,siswa123
9900001742,siswa123
9900001743,siswa123
9900001744,siswa123
9900001745,siswa123
9900001746,siswa123
9900001747,siswa123
9900001748,siswa123
9900001749,siswa123
9900001750,siswa123
9900001751,siswa123
9900001752,siswa123
9900001753,siswa123
9900001754,siswa123
9900001755,siswa123
9900001756,siswa123
9900001757,siswa123
9900001758,siswa123
9900001759,siswa123
9900001760,siswa123
9900001761,siswa123
9900001762,siswa123
9900001763,siswa123
9900001764,siswa123
9900001765,siswa123
9900001766,siswa123
9900001767,siswa123
9900001768,siswa123
9900001769,siswa123
9900001770,siswa123
9900001771,siswa123
9900001772,siswa123
9900001773,siswa123
9900001774,siswa123
9900001775,siswa123
9900001776,siswa123
9900001777,siswa123
9900001778,siswa123
9900001779,siswa123
9900001780,siswa123
9900001781,siswa123
9900001782,siswa123
9900001783,siswa123
9900001784,siswa123
9900001785,siswa123
9900001786,siswa123
9900001787,siswa123
9900001788,siswa123
9900001789,siswa123
9900001790,siswa123
9900001791,siswa123
9900001792,siswa123
9900001793,siswa123
9900001794,siswa123
9900001795,siswa123
9900001796,siswa123
9900001797,siswa123
9900001798,siswa123
9900001799,siswa123
9900001800,siswa123
9900001801,siswa123
9900001802,siswa123
9900001803,siswa123
9900001804,siswa123
9900001805,siswa123
9900001806,siswa123
9900001807,siswa123
9900001808,siswa123
9900001809,siswa123
9900001810,siswa123
9900001811,siswa123
9900001812,siswa123
9900001813,siswa123
9900001814,siswa123
9900001815,siswa123
9900001816,siswa123
9900001817,siswa123
9900001818,siswa123
9900001819,siswa123
9900001820,siswa123
9900001821,siswa123
9900001822,siswa123
9900001823,siswa123
9900001824,siswa123
9900001825,siswa123
9900001826,siswa123
9900001827,siswa123
9900001828,siswa123
9900001829,siswa123
9900001830,siswa123
9900001831,siswa123
9900001832,siswa123
9900001833,siswa123
9900001834,siswa123
9900001835,siswa123
9900001836,siswa123
9900001837,siswa123
9900001838,siswa123
9900001839,siswa123
9900001840,siswa123
9900001841,siswa123
9900001842,siswa123
9900001843,siswa123
9900001844,siswa123
9900001845,siswa123
9900001846,siswa123
9900001847,siswa123
9900001848,siswa123
9900001849,siswa123
9900001850,siswa123
9900001851,siswa123
9900001852,siswa123
9900001853,siswa123
9900001854,siswa123
9900001855,siswa123
9900001856,siswa123
9900001857,siswa123
9900001858,siswa123
9900001859,siswa123
9900001860,siswa123
9900001861,siswa123
9900001862,siswa123
9900001863,siswa123
9900001864,siswa123
9900001865,siswa123
9900001866,siswa123
9900001867,siswa123
9900001868,siswa123
9900001869,siswa123
9900001870,siswa123
9900001871,siswa123
9900001872,siswa123
9900001873,siswa123
9900001874,siswa123
9900001875,siswa123
9900001876,siswa123
9900001877,siswa123
9900001878,siswa123
9900001879,siswa123
9900001880,siswa123
9900001881,siswa123
9900001882,siswa123
9900001883,siswa123
9900001884,siswa123
9900001885,siswa123
9900001886,siswa123
9900001887,siswa123
9900001888,siswa123
9900001889,siswa123
9900001890,siswa123
9900001891,siswa123
9900001892,siswa123
9900001893,siswa123
9900001894,siswa123
9900001895,siswa123
9900001896,siswa123
9900001897,siswa123
9900001898,siswa123
9900001899,siswa123
9900001900,siswa123
9900001901,siswa123
9900001902,siswa123
9900001903,siswa123
9900001904,siswa123
9900001905,siswa123
9900001906,siswa123
9900001907,siswa123
9900001908,siswa123
9900001909,siswa123
9900001910,siswa123
9900001911,siswa123
9900001912,siswa123
9900001913,siswa123
9900001914,siswa123
9900001915,siswa123
9900001916,siswa123
9900001917,siswa123
9900001918,siswa123
9900001919,siswa123
9900001920,siswa123
9900001921,siswa123
9900001922,siswa123
9900001923,siswa123
9900001924,siswa123
9900001925,siswa123
9900001926,siswa123
9900001927,siswa123
9900001928,siswa123
9900001929,siswa123
9900001930,siswa123
9900001931,siswa123
9900001932,siswa123
9900001933,siswa123
9900001934,siswa123
9900001935,siswa123
9900001936,siswa123
9900001937,siswa123
9900001938,siswa123
9900001939,siswa123
9900001940,siswa123
9900001941,siswa123
9900001942,siswa123
9900001943,siswa123
9900001944,siswa123
9900001945,siswa123
9900001946,siswa123
9900001947,siswa123
9900001948,siswa123
9900001949,siswa123
9900001950,siswa123
9900001951,siswa123
9900001952,siswa123
9900001953,siswa123
9900001954,siswa123
9900001955,siswa123
9900001956,siswa123
9900001957,siswa123
9900001958,siswa123
9900001959,siswa123
9900001960,siswa123
9900001961,siswa123
9900001962,siswa123
9900001963,siswa123
9900001964,siswa123
9900001965,siswa123
9900001966,siswa123
9900001967,siswa123
9900001968,siswa123
9900001969,siswa123
9900001970,siswa123
9900001971,siswa123
9900001972,siswa123
9900001973,siswa123
9900001974,siswa123
9900001975,siswa123
9900001976,siswa123
9900001977,siswa123
9900001978,siswa123
9900001979,siswa123
9900001980,siswa123
9900001981,siswa123
9900001982,siswa123
9900001983,siswa123
9900001984,siswa123
9900001985,siswa123
9900001986,siswa123
9900001987,siswa123
9900001988,siswa123
9900001989,siswa123
9900001990,siswa123
9900001991,siswa123
9900001992,siswa123
9900001993,siswa123
9900001994,siswa123
9900001995,siswa123
9900001996,siswa123
9900001997,siswa123
9900001998,siswa123
9900001999,siswa123
9900002000,siswa123
9900002001,siswa123
9900002002,siswa123
9900002003,siswa123
9900002004,siswa123
9900002005,siswa123
9900002006,siswa123
9900002007,siswa123
9900002008,siswa123
9900002009,siswa123
9900002010,siswa123
9900002011,siswa123
9900002012,siswa123
9900002013,siswa123
9900002014,siswa123
9900002015,siswa123
9900002016,siswa123
9900002017,siswa123
9900002018,siswa123
9900002019,siswa123
9900002020,siswa123
9900002021,siswa123
9900002022,siswa123
9900002023,siswa123
9900002024,siswa123
9900002025,siswa123
9900002026,siswa123
9900002027,siswa123
9900002028,siswa123
9900002029,siswa123
9900002030,siswa123
9900002031,siswa123
9900002032,siswa123
9900002033,siswa123
9900002034,siswa123
9900002035,siswa123
9900002036,siswa123
9900002037,siswa123
9900002038,siswa123
9900002039,siswa123
9900002040,siswa123
9900002041,siswa123
9900002042,siswa123
9900002043,siswa123
9900002044,siswa123
9900002045,siswa123
9900002046,siswa123
9900002047,siswa123
9900002048,siswa123
9900002049,siswa123
9900002050,siswa123
9900002051,siswa123
9900002052,siswa123
9900002053,siswa123
9900002054,siswa123
9900002055,siswa123
9900002056,siswa123
9900002057,siswa123
9900002058,siswa123
9900002059,siswa123
9900002060,siswa123
9900002061,siswa123
9900002062,siswa123
9900002063,siswa123
9900002064,siswa123
9900002065,siswa123
9900002066,siswa123
9900002067,siswa123
9900002068,siswa123
9900002069,siswa123
9900002070,siswa123
9900002071,siswa123
9900002072,siswa123
9900002073,siswa123
9900002074,siswa123
9900002075,siswa123
9900002076,siswa123
9900002077,siswa123
9900002078,siswa123
9900002079,siswa123
9900002080,siswa123
9900002081,siswa123
9900002082,siswa123
9900002083,siswa123
9900002084,siswa123
9900002085,siswa123
9900002086,siswa123
9900002087,siswa123
9900002088,siswa123
9900002089,siswa123
9900002090,siswa123
9900002091,siswa123
9900002092,siswa123
9900002093,siswa123
9900002094,siswa123
9900002095,siswa123
9900002096,siswa123
9900002097,siswa123
9900002098,siswa123
9900002099,siswa123
9900002100,siswa123